Day,Count,Tests,Tests μ,Tests σ,Cases,Cases μ,Cases σ
Sunday,8,20307,2538.375,998.9751802293617,1190,148.75,63.9882801769199
Monday,8,20781,2597.625,731.5966760644635,857,107.125,62.78406872538834
Tuesday,8,24626,3078.25,576.8802178219372,730,91.25,64.65236709841776
Wednesday,8,29722,3715.25,747.9390253986522,1198,149.75,47.12824448853817
Thursday,8,29363,3670.375,820.3906626027104,1085,135.625,62.381172754972425
Friday,8,32193,4024.125,740.9857213777566,1428,178.5,66.72116819806354
Saturday,8,27532,3441.5,752.8955533709269,1485,185.625,105.40796594999017
